pathway	group_name	group	n_group	n_rest	high_activity_fraction_p75	mean_score	kw_p_value	one_vs_rest_p_value	one_vs_rest_fdr
REACTOME_EUKARYOTIC_TRANSLATION_INITIATION	PhenoGraph_clusters	0	1732	12111	0.3943418013856813	0.01248230148368187	0.0	1.1621091441057332e-21	2.5923973214666357e-21
REACTOME_EUKARYOTIC_TRANSLATION_INITIATION	PhenoGraph_clusters	1	1457	12386	0.4152367879203844	0.014034886197971976	0.0	2.5876782005355576e-114	1.8760666953882792e-113
REACTOME_EUKARYOTIC_TRANSLATION_INITIATION	PhenoGraph_clusters	2	1037	12806	0.3317261330761813	0.01369121822718233	0.0	3.9201411767032915e-26	9.473674510366288e-26
REACTOME_EUKARYOTIC_TRANSLATION_INITIATION	PhenoGraph_clusters	3	1003	12840	0.22333000997008973	0.013687446158128818	0.0	1.4501973397287111e-16	3.003980203723759e-16
REACTOME_EUKARYOTIC_TRANSLATION_INITIATION	PhenoGraph_clusters	4	821	13022	0.2984165651644336	0.01321387806640355	0.0	1.935378152295186e-13	3.5078729010350247e-13
REACTOME_EUKARYOTIC_TRANSLATION_INITIATION	PhenoGraph_clusters	5	779	13064	0.0975609756097561	0.012905109630272991	0.0	0.10917484113166609	0.12177193818531987
REACTOME_EUKARYOTIC_TRANSLATION_INITIATION	PhenoGraph_clusters	6	759	13084	0.3570487483530962	0.014277830099230244	0.0	1.4190544264467602e-54	3.831353329635219e-54
REACTOME_EUKARYOTIC_TRANSLATION_INITIATION	PhenoGraph_clusters	7	630	13213	0.5507936507936508	0.014564167671872979	0.0	7.61283368139378e-87	3.679536279340327e-86
REACTOME_EUKARYOTIC_TRANSLATION_INITIATION	PhenoGraph_clusters	9	572	13271	0.24475524475524477	0.013165937786452985	0.0	0.0006010203581717377	0.0007262329327908496
REACTOME_EUKARYOTIC_TRANSLATION_INITIATION	PhenoGraph_clusters	8	567	13276	0.001763668430335097	0.0038903358405433966	0.0	3.5034086596683864e-262	1.015988511303832e-260
REACTOME_EUKARYOTIC_TRANSLATION_INITIATION	PhenoGraph_clusters	10	525	13318	0.3942857142857143	0.014522772851869571	0.0	1.4532719526202555e-54	3.831353329635219e-54
REACTOME_EUKARYOTIC_TRANSLATION_INITIATION	PhenoGraph_clusters	11	473	13370	0.1416490486257928	0.011697572135467411	0.0	1.4369890697853175e-05	1.894212864717009e-05
REACTOME_EUKARYOTIC_TRANSLATION_INITIATION	PhenoGraph_clusters	12	426	13417	0.0	0.00437708274318063	0.0	1.4614147766419832e-185	2.1190514261308756e-184
REACTOME_EUKARYOTIC_TRANSLATION_INITIATION	PhenoGraph_clusters	13	342	13501	0.0	0.0077982140739941445	0.0	3.168250543621627e-81	1.1484908220628397e-80
REACTOME_EUKARYOTIC_TRANSLATION_INITIATION	PhenoGraph_clusters	14	336	13507	0.0	0.006772592686802182	0.0	3.1363444670897675e-104	1.8190797909120651e-103
REACTOME_EUKARYOTIC_TRANSLATION_INITIATION	PhenoGraph_clusters	15	302	13541	0.0	0.007572971473863604	0.0	1.834770519424533e-81	7.601192151901638e-81
REACTOME_EUKARYOTIC_TRANSLATION_INITIATION	PhenoGraph_clusters	16	298	13545	0.29194630872483224	0.013997589980508296	0.0	2.5255895289666674e-13	4.308358608237256e-13
REACTOME_EUKARYOTIC_TRANSLATION_INITIATION	PhenoGraph_clusters	17	296	13547	0.0	0.003466305598342188	0.0	5.434586977090897e-142	5.253434077854533e-141
REACTOME_EUKARYOTIC_TRANSLATION_INITIATION	PhenoGraph_clusters	18	262	13581	0.04580152671755725	0.01214995068684548	0.0	1.5421942177787982e-09	2.2361816157792574e-09
REACTOME_EUKARYOTIC_TRANSLATION_INITIATION	PhenoGraph_clusters	19	229	13614	0.0	0.0064746332340555246	0.0	7.387643133931863e-76	2.380462787600267e-75
REACTOME_EUKARYOTIC_TRANSLATION_INITIATION	PhenoGraph_clusters	20	214	13629	0.3317757009345794	0.014264134742887374	0.0	1.4563474690160767e-14	2.815605106764415e-14
REACTOME_EUKARYOTIC_TRANSLATION_INITIATION	PhenoGraph_clusters	21	206	13637	0.02912621359223301	0.013230282248738998	0.0	0.12242162891503816	0.13147762599482435
REACTOME_EUKARYOTIC_TRANSLATION_INITIATION	PhenoGraph_clusters	22	193	13650	0.03626943005181347	0.011376371842090128	0.0	2.8096823783055205e-09	3.880037570040957e-09
REACTOME_EUKARYOTIC_TRANSLATION_INITIATION	PhenoGraph_clusters	23	118	13725	0.1271186440677966	0.013268910554459362	0.0	0.6215474464440707	0.6215474464440707
REACTOME_EUKARYOTIC_TRANSLATION_INITIATION	PhenoGraph_clusters	24	79	13764	0.11392405063291139	0.01270029578224086	0.0	0.1269439147536235	0.13147762599482435
REACTOME_EUKARYOTIC_TRANSLATION_INITIATION	PhenoGraph_clusters	25	58	13785	0.3448275862068966	0.013573431471075618	0.0	0.0246208749105673	0.028560214896258065
REACTOME_EUKARYOTIC_TRANSLATION_INITIATION	PhenoGraph_clusters	26	54	13789	0.0	0.009299779369210158	0.0	5.106675726668487e-11	7.794399793336113e-11
REACTOME_EUKARYOTIC_TRANSLATION_INITIATION	PhenoGraph_clusters	27	49	13794	0.0	0.011856344043865426	0.0	0.0001306049151845856	0.00016467576262404272
REACTOME_EUKARYOTIC_TRANSLATION_INITIATION	PhenoGraph_clusters	29	26	13817	0.9230769230769231	0.015463965275778837	0.0	2.68870320893723e-11	4.3317996143988704e-11
REACTOME_INTERFERON_ALPHA_BETA_SIGNALING	PhenoGraph_clusters	0	1732	12111	0.16454965357967669	0.0008442507090094519	0.0	5.275562967005249e-19	1.6999036227016914e-18
REACTOME_INTERFERON_ALPHA_BETA_SIGNALING	PhenoGraph_clusters	1	1457	12386	0.12834591626630062	0.0008232142771672093	0.0	2.6617633394548464e-27	9.648892105523818e-27
REACTOME_INTERFERON_ALPHA_BETA_SIGNALING	PhenoGraph_clusters	2	1037	12806	0.10800385728061716	0.00079189303979823	0.0	6.6891312726267536e-37	3.2330801151029305e-36
REACTOME_INTERFERON_ALPHA_BETA_SIGNALING	PhenoGraph_clusters	3	1003	12840	0.24925224327018944	0.0009451460205743441	0.0	0.2090449738598097	0.2635784453014992
REACTOME_INTERFERON_ALPHA_BETA_SIGNALING	PhenoGraph_clusters	4	821	13022	0.09987819732034105	0.0007865076746126999	0.0	3.239205963416044e-36	1.3419567562723613e-35
REACTOME_INTERFERON_ALPHA_BETA_SIGNALING	PhenoGraph_clusters	5	779	13064	0.14377406931964057	0.0008383810499345564	0.0	1.374701647397914e-08	3.0666421365030394e-08
REACTOME_INTERFERON_ALPHA_BETA_SIGNALING	PhenoGraph_clusters	6	759	13084	0.19367588932806323	0.0008757392012046219	0.0	0.059082596554973915	0.07788160454973835
REACTOME_INTERFERON_ALPHA_BETA_SIGNALING	PhenoGraph_clusters	7	630	13213	0.1253968253968254	0.0008379140256753244	0.0	6.66532525808099e-07	1.380674517745348e-06
REACTOME_INTERFERON_ALPHA_BETA_SIGNALING	PhenoGraph_clusters	9	572	13271	0.24475524475524477	0.0009362813789057581	0.0	0.6212968364667045	0.7207043303013771
REACTOME_INTERFERON_ALPHA_BETA_SIGNALING	PhenoGraph_clusters	8	567	13276	0.656084656084656	0.0016022433076599582	0.0	1.6705567516445233e-100	1.6148715265897058e-99
REACTOME_INTERFERON_ALPHA_BETA_SIGNALING	PhenoGraph_clusters	10	525	13318	0.10857142857142857	0.0007953525468233453	0.0	8.275761746246931e-17	2.39997090641161e-16
REACTOME_INTERFERON_ALPHA_BETA_SIGNALING	PhenoGraph_clusters	11	473	13370	0.20930232558139536	0.0008690058051006252	0.0	0.01800674131351619	0.025844881961462174
REACTOME_INTERFERON_ALPHA_BETA_SIGNALING	PhenoGraph_clusters	12	426	13417	0.6314553990610329	0.0013750874664193308	0.0	7.12063205564357e-69	5.162458240341588e-68
REACTOME_INTERFERON_ALPHA_BETA_SIGNALING	PhenoGraph_clusters	13	342	13501	0.32456140350877194	0.0009723667595085527	0.0	0.00014463328855338184	0.0002621478355030046
REACTOME_INTERFERON_ALPHA_BETA_SIGNALING	PhenoGraph_clusters	14	336	13507	0.7946428571428571	0.002009098343517511	0.0	4.884614734898377e-105	7.082691365602648e-104
REACTOME_INTERFERON_ALPHA_BETA_SIGNALING	PhenoGraph_clusters	15	302	13541	0.4105960264900662	0.001119612832764411	0.0	1.912175437704128e-13	5.041189790310883e-13
REACTOME_INTERFERON_ALPHA_BETA_SIGNALING	PhenoGraph_clusters	16	298	13545	0.17785234899328858	0.0008626392424505347	0.0	0.003962386045703142	0.006383844184743951
REACTOME_INTERFERON_ALPHA_BETA_SIGNALING	PhenoGraph_clusters	17	296	13547	0.9966216216216216	0.0033969530857724476	0.0	5.015301300700718e-182	1.4544373772032083e-180
REACTOME_INTERFERON_ALPHA_BETA_SIGNALING	PhenoGraph_clusters	18	262	13581	0.26717557251908397	0.0009550915325183796	0.0	0.011075375550874513	0.016904520577650572
REACTOME_INTERFERON_ALPHA_BETA_SIGNALING	PhenoGraph_clusters	19	229	13614	0.7248908296943232	0.0017100919658988903	0.0	6.108950032428273e-63	3.5431910188083984e-62
REACTOME_INTERFERON_ALPHA_BETA_SIGNALING	PhenoGraph_clusters	20	214	13629	0.13551401869158877	0.0007992401676303225	0.0	5.161700947467585e-09	1.2474110623046663e-08
REACTOME_INTERFERON_ALPHA_BETA_SIGNALING	PhenoGraph_clusters	21	206	13637	0.16990291262135923	0.0008218223852944197	0.0	1.0504523912130198e-05	2.0308746230118384e-05
REACTOME_INTERFERON_ALPHA_BETA_SIGNALING	PhenoGraph_clusters	22	193	13650	0.22279792746113988	0.0009089956826413378	0.0	0.9587345282464358	0.9873655014309429
REACTOME_INTERFERON_ALPHA_BETA_SIGNALING	PhenoGraph_clusters	23	118	13725	0.211864406779661	0.0009031047610822781	0.0	0.9873655014309429	0.9873655014309429
REACTOME_INTERFERON_ALPHA_BETA_SIGNALING	PhenoGraph_clusters	24	79	13764	0.12658227848101267	0.0008733891699173766	0.0	0.7480548616052819	0.8343688840981991
REACTOME_INTERFERON_ALPHA_BETA_SIGNALING	PhenoGraph_clusters	25	58	13785	0.1724137931034483	0.0008781297927963681	0.0	0.8664747442043353	0.9306580585898417
REACTOME_INTERFERON_ALPHA_BETA_SIGNALING	PhenoGraph_clusters	26	54	13789	0.14814814814814814	0.0008844441248180573	0.0	0.4493061821821114	0.5429116368033845
REACTOME_INTERFERON_ALPHA_BETA_SIGNALING	PhenoGraph_clusters	27	49	13794	0.42857142857142855	0.0010959954174515668	0.0	0.018715259351403644	0.025844881961462174
REACTOME_INTERFERON_ALPHA_BETA_SIGNALING	PhenoGraph_clusters	29	26	13817	0.11538461538461539	0.0007179985793454023	0.0	0.0003900149565312296	0.0006653196317297446
GRADE_COLON_AND_RECTAL_CANCER_UP	PhenoGraph_clusters	0	1732	12111	0.3729792147806005	0.004085256207136257	0.0	1.3574581807277812e-33	2.6244191494070438e-33
GRADE_COLON_AND_RECTAL_CANCER_UP	PhenoGraph_clusters	1	1457	12386	0.48592999313658203	0.004724217471195577	0.0	3.128711340895052e-151	4.5366314442978256e-150
GRADE_COLON_AND_RECTAL_CANCER_UP	PhenoGraph_clusters	2	1037	12806	0.3702989392478303	0.0041182588155669235	0.0	4.332088653752929e-35	8.973612211345354e-35
GRADE_COLON_AND_RECTAL_CANCER_UP	PhenoGraph_clusters	3	1003	12840	0.011964107676969093	0.002228394819993337	0.0	1.0458816106093056e-38	2.333120515974605e-38
GRADE_COLON_AND_RECTAL_CANCER_UP	PhenoGraph_clusters	4	821	13022	0.0438489646772229	0.0025853175300459873	0.0	1.174091095486971e-10	1.5476655349600983e-10
GRADE_COLON_AND_RECTAL_CANCER_UP	PhenoGraph_clusters	5	779	13064	0.0	0.0019521537816040194	0.0	1.9539145871043642e-60	5.151229366002415e-60
GRADE_COLON_AND_RECTAL_CANCER_UP	PhenoGraph_clusters	6	759	13084	0.5059288537549407	0.0050799207902097535	0.0	2.425976624229967e-122	1.7588330525667262e-121
GRADE_COLON_AND_RECTAL_CANCER_UP	PhenoGraph_clusters	7	630	13213	0.5698412698412698	0.005462993179538873	0.0	3.7337656546345183e-100	1.804653399740017e-99
GRADE_COLON_AND_RECTAL_CANCER_UP	PhenoGraph_clusters	9	572	13271	0.42657342657342656	0.00469179333300475	0.0	8.808598078185326e-32	1.5965584016710903e-31
GRADE_COLON_AND_RECTAL_CANCER_UP	PhenoGraph_clusters	8	567	13276	0.0	0.0014767811650531878	0.0	6.672702052132983e-140	6.450278650395217e-139
GRADE_COLON_AND_RECTAL_CANCER_UP	PhenoGraph_clusters	10	525	13318	0.9028571428571428	0.007471177065568156	0.0	6.313647018887053e-228	1.8309576354772453e-226
GRADE_COLON_AND_RECTAL_CANCER_UP	PhenoGraph_clusters	11	473	13370	0.1733615221987315	0.0030072809741747935	0.0	0.006964563028355633	0.00776816645470436
GRADE_COLON_AND_RECTAL_CANCER_UP	PhenoGraph_clusters	12	426	13417	0.002347417840375587	0.001436292520262182	0.0	7.41625895400709e-116	4.301430193324113e-115
GRADE_COLON_AND_RECTAL_CANCER_UP	PhenoGraph_clusters	13	342	13501	0.0	0.0015114298408843863	0.0	6.230100650234383e-82	2.258411485709964e-81
GRADE_COLON_AND_RECTAL_CANCER_UP	PhenoGraph_clusters	14	336	13507	0.0	0.0014230038175750196	0.0	5.804781754308226e-93	2.4048381553562653e-92
GRADE_COLON_AND_RECTAL_CANCER_UP	PhenoGraph_clusters	15	302	13541	0.0	0.0015091685885081031	0.0	2.608083153816277e-69	7.563441146067204e-69
GRADE_COLON_AND_RECTAL_CANCER_UP	PhenoGraph_clusters	16	298	13545	0.006711409395973154	0.0023363020233437056	0.0	3.534321075923342e-08	4.456317878338127e-08
GRADE_COLON_AND_RECTAL_CANCER_UP	PhenoGraph_clusters	17	296	13547	0.0	0.0014365468974019094	0.0	1.776520295967272e-78	5.724343175894543e-78
GRADE_COLON_AND_RECTAL_CANCER_UP	PhenoGraph_clusters	18	262	13581	0.003816793893129771	0.001873511955114549	0.0	3.1652476083293683e-31	5.399540037738334e-31
GRADE_COLON_AND_RECTAL_CANCER_UP	PhenoGraph_clusters	19	229	13614	0.0	0.001474748382269158	0.0	7.368829799870633e-57	1.7808005349687364e-56
GRADE_COLON_AND_RECTAL_CANCER_UP	PhenoGraph_clusters	20	214	13629	0.27102803738317754	0.0041523167105911515	0.0	2.2028488331577286e-16	3.362242955872323e-16
GRADE_COLON_AND_RECTAL_CANCER_UP	PhenoGraph_clusters	21	206	13637	0.07281553398058252	0.0032331341831430224	0.0	0.004919611649196597	0.005706749513068051
GRADE_COLON_AND_RECTAL_CANCER_UP	PhenoGraph_clusters	22	193	13650	0.031088082901554404	0.0022346665140803635	0.0	8.354103635297283e-13	1.2113450271181059e-12
GRADE_COLON_AND_RECTAL_CANCER_UP	PhenoGraph_clusters	23	118	13725	0.11016949152542373	0.003179438936281409	0.0	0.37681619967789404	0.37681619967789404
GRADE_COLON_AND_RECTAL_CANCER_UP	PhenoGraph_clusters	24	79	13764	0.0379746835443038	0.0031810856657597916	0.0	0.14291406901612672	0.15350029635065462
GRADE_COLON_AND_RECTAL_CANCER_UP	PhenoGraph_clusters	25	58	13785	0.15517241379310345	0.0034448517133083383	0.0	0.2053722466082608	0.212706969701413
GRADE_COLON_AND_RECTAL_CANCER_UP	PhenoGraph_clusters	26	54	13789	0.0	0.001404932303488186	0.0	1.2698662427720694e-16	2.045895613355001e-16
GRADE_COLON_AND_RECTAL_CANCER_UP	PhenoGraph_clusters	27	49	13794	0.0	0.0020109326852231495	0.0	0.0003150423804351498	0.0003806762096924727
GRADE_COLON_AND_RECTAL_CANCER_UP	PhenoGraph_clusters	29	26	13817	0.9230769230769231	0.007336731919053678	0.0	2.407250087396753e-12	3.324297739738373e-12
SABATES_COLORECTAL_ADENOMA_DN	PhenoGraph_clusters	0	1732	12111	0.34006928406466513	0.0046667613374938854	0.0	5.183312019872274e-06	6.832547662558907e-06
SABATES_COLORECTAL_ADENOMA_DN	PhenoGraph_clusters	1	1457	12386	0.5058339052848319	0.005782501332943578	0.0	6.866777400513263e-127	6.637884820496154e-126
SABATES_COLORECTAL_ADENOMA_DN	PhenoGraph_clusters	2	1037	12806	0.32690453230472516	0.004486185525571497	0.0	0.16399246398251677	0.1698493376961781
SABATES_COLORECTAL_ADENOMA_DN	PhenoGraph_clusters	3	1003	12840	0.010967098703888335	0.003183688053833915	0.0	2.2877585664218643e-12	3.902646966249063e-12
SABATES_COLORECTAL_ADENOMA_DN	PhenoGraph_clusters	4	821	13022	0.007308160779537149	0.0026911803587397103	0.0	3.383000537741985e-55	1.401528794207394e-54
SABATES_COLORECTAL_ADENOMA_DN	PhenoGraph_clusters	5	779	13064	0.006418485237483954	0.0033425434090462065	0.0	5.26051725869199e-05	6.356458354252821e-05
SABATES_COLORECTAL_ADENOMA_DN	PhenoGraph_clusters	6	759	13084	0.6758893280632411	0.0072069359900535455	0.0	1.6027002833702773e-180	2.323915410886902e-179
SABATES_COLORECTAL_ADENOMA_DN	PhenoGraph_clusters	7	630	13213	0.580952380952381	0.006485680398622431	0.0	5.098871881514944e-85	2.9573456912786675e-84
SABATES_COLORECTAL_ADENOMA_DN	PhenoGraph_clusters	9	572	13271	0.4353146853146853	0.005498814630336603	0.0	1.1822400639627882e-14	2.2856641236613905e-14
SABATES_COLORECTAL_ADENOMA_DN	PhenoGraph_clusters	8	567	13276	0.0	0.0023726377179432746	0.0	2.611318069137071e-66	1.2621370667495842e-65
SABATES_COLORECTAL_ADENOMA_DN	PhenoGraph_clusters	10	525	13318	0.8666666666666667	0.0084456484728109	0.0	3.9794492983050147e-193	1.1540402965084543e-191
SABATES_COLORECTAL_ADENOMA_DN	PhenoGraph_clusters	11	473	13370	0.023255813953488372	0.002661122325506264	0.0	1.953150047134782e-45	5.664135136690868e-45
SABATES_COLORECTAL_ADENOMA_DN	PhenoGraph_clusters	12	426	13417	0.002347417840375587	0.0019240676294654377	0.0	9.87087273157641e-105	7.156382730392897e-104
SABATES_COLORECTAL_ADENOMA_DN	PhenoGraph_clusters	13	342	13501	0.0	0.0022212266533151027	0.0	3.3984259892097094e-54	1.2319294210885196e-53
SABATES_COLORECTAL_ADENOMA_DN	PhenoGraph_clusters	14	336	13507	0.0	0.0023509581171540254	0.0	1.5070307403896184e-38	3.9730810428453573e-38
SABATES_COLORECTAL_ADENOMA_DN	PhenoGraph_clusters	15	302	13541	0.0	0.0025483284081601245	0.0	1.2165132398964533e-22	2.713760304384396e-22
SABATES_COLORECTAL_ADENOMA_DN	PhenoGraph_clusters	16	298	13545	0.0	0.0026893951499864046	0.0	5.724475305239157e-17	1.1857841703709683e-16
SABATES_COLORECTAL_ADENOMA_DN	PhenoGraph_clusters	17	296	13547	0.0	0.0021534778899806747	0.0	5.234556795715315e-49	1.686690523063824e-48
SABATES_COLORECTAL_ADENOMA_DN	PhenoGraph_clusters	18	262	13581	0.04198473282442748	0.003031891822809219	0.0	4.67299122951562e-09	6.45317836456919e-09
SABATES_COLORECTAL_ADENOMA_DN	PhenoGraph_clusters	19	229	13614	0.0	0.0022095510085470256	0.0	9.320911994715297e-35	2.2525537320561967e-34
SABATES_COLORECTAL_ADENOMA_DN	PhenoGraph_clusters	20	214	13629	0.09345794392523364	0.004234473450826195	0.0	0.0003343708684182104	0.00038787020736512405
SABATES_COLORECTAL_ADENOMA_DN	PhenoGraph_clusters	21	206	13637	0.22330097087378642	0.0049283653637896005	0.0	2.711220109706918e-12	4.368076843416701e-12
SABATES_COLORECTAL_ADENOMA_DN	PhenoGraph_clusters	22	193	13650	0.04145077720207254	0.0028233038636667354	0.0	2.863693360093751e-13	5.190444215169924e-13
SABATES_COLORECTAL_ADENOMA_DN	PhenoGraph_clusters	23	118	13725	0.2627118644067797	0.004623850896189736	0.0	0.008984269465111714	0.009649770906971842
SABATES_COLORECTAL_ADENOMA_DN	PhenoGraph_clusters	24	79	13764	0.2911392405063291	0.005108009170602243	0.0	1.428921364873688e-05	1.8016834600581284e-05
SABATES_COLORECTAL_ADENOMA_DN	PhenoGraph_clusters	25	58	13785	0.3103448275862069	0.004513517346078718	0.0	0.2908202542552494	0.2908202542552494
SABATES_COLORECTAL_ADENOMA_DN	PhenoGraph_clusters	26	54	13789	0.0	0.0020329344607769944	0.0	3.1429056940802403e-12	4.797066585701419e-12
SABATES_COLORECTAL_ADENOMA_DN	PhenoGraph_clusters	27	49	13794	0.0	0.0026970981885744735	0.0	0.0005980349282131424	0.0006670389583915819
SABATES_COLORECTAL_ADENOMA_DN	PhenoGraph_clusters	29	26	13817	0.8461538461538461	0.00789903958719446	0.0	2.5585896471319035e-10	3.7099549883412597e-10
REACTOME_M_PHASE	PhenoGraph_clusters	0	1732	12111	0.23498845265588914	0.0016872271729682826	0.0	0.16482183618585777	0.17703086108851393
REACTOME_M_PHASE	PhenoGraph_clusters	1	1457	12386	0.24365133836650651	0.0016267749501652873	0.0	0.019667974725017717	0.02281485068102055
REACTOME_M_PHASE	PhenoGraph_clusters	2	1037	12806	0.19864995178399228	0.0015693943254929722	0.0	0.01773782025021781	0.021433199469013186
REACTOME_M_PHASE	PhenoGraph_clusters	3	1003	12840	0.1585244267198405	0.001530962876771639	0.0	1.7742536648968694e-11	4.677577843819019e-11
REACTOME_M_PHASE	PhenoGraph_clusters	4	821	13022	0.19488428745432398	0.0015668637618282714	0.0	0.010745303404883668	0.014164263579164834
REACTOME_M_PHASE	PhenoGraph_clusters	5	779	13064	0.16046213093709885	0.0014785471261025813	0.0	8.744016700280066e-11	1.9505883408317072e-10
REACTOME_M_PHASE	PhenoGraph_clusters	6	759	13084	0.3241106719367589	0.0017395957124992326	0.0	6.444622849418867e-15	2.076600695923857e-14
REACTOME_M_PHASE	PhenoGraph_clusters	7	630	13213	0.353968253968254	0.0019397027483995333	0.0	1.8155009184277476e-15	6.661595322782003e-15
REACTOME_M_PHASE	PhenoGraph_clusters	9	572	13271	0.3269230769230769	0.0019529331872792956	0.0	7.496251050891314e-07	1.3586955029740506e-06
REACTOME_M_PHASE	PhenoGraph_clusters	8	567	13276	0.07407407407407407	0.0013806819943622082	0.0	1.889015643450006e-26	1.0956290732010036e-25
REACTOME_M_PHASE	PhenoGraph_clusters	10	525	13318	0.92	0.003735436526961229	0.0	4.517727152917588e-239	1.3101408743461005e-237
REACTOME_M_PHASE	PhenoGraph_clusters	11	473	13370	0.2156448202959831	0.0016154269197455084	0.0	0.0043397714059607	0.00599301765585049
REACTOME_M_PHASE	PhenoGraph_clusters	12	426	13417	0.06338028169014084	0.0013407888232278994	0.0	7.23804325067743e-32	5.247581356741137e-31
REACTOME_M_PHASE	PhenoGraph_clusters	13	342	13501	0.0935672514619883	0.0013718671007198464	0.0	1.0187530028785588e-19	4.923972847246368e-19
REACTOME_M_PHASE	PhenoGraph_clusters	14	336	13507	0.07142857142857142	0.0013902697985080457	0.0	1.837681468353656e-15	6.661595322782003e-15
REACTOME_M_PHASE	PhenoGraph_clusters	15	302	13541	0.10927152317880795	0.001415830402924005	0.0	1.0210291959667154e-09	1.973989778868983e-09
REACTOME_M_PHASE	PhenoGraph_clusters	16	298	13545	0.2181208053691275	0.0015663729487452494	0.0	0.6300671417097715	0.6525695396279777
REACTOME_M_PHASE	PhenoGraph_clusters	17	296	13547	0.07094594594594594	0.0013865553385665733	0.0	1.2241906226264709e-12	3.5501528056167653e-12
REACTOME_M_PHASE	PhenoGraph_clusters	18	262	13581	0.12595419847328243	0.0014214531896172833	0.0	4.919018145348177e-11	1.1887627184591427e-10
REACTOME_M_PHASE	PhenoGraph_clusters	19	229	13614	0.08733624454148471	0.0013857143110667536	0.0	1.2039818242023351e-10	2.493962350133409e-10
REACTOME_M_PHASE	PhenoGraph_clusters	20	214	13629	0.9299065420560748	0.003996944051332515	0.0	2.6548687556207426e-100	3.849559695650077e-99
REACTOME_M_PHASE	PhenoGraph_clusters	21	206	13637	0.8592233009708737	0.003540377815125808	0.0	8.69976465921648e-78	8.409772503909263e-77
REACTOME_M_PHASE	PhenoGraph_clusters	22	193	13650	0.19170984455958548	0.0015377905732980946	0.0	0.0021018452431230106	0.0030476756025283654
REACTOME_M_PHASE	PhenoGraph_clusters	23	118	13725	0.23728813559322035	0.0015874211784502104	0.0	0.9755551872720648	0.9755551872720648
REACTOME_M_PHASE	PhenoGraph_clusters	24	79	13764	0.379746835443038	0.0017085756299363391	0.0	0.11038098198195502	0.12311724913371906
REACTOME_M_PHASE	PhenoGraph_clusters	25	58	13785	0.3448275862068966	0.0017341599413149907	0.0	0.012450219984281275	0.01569810345844161
REACTOME_M_PHASE	PhenoGraph_clusters	26	54	13789	0.09259259259259259	0.0013448327465829953	0.0	7.031298453219077e-05	0.00011994567949609014
REACTOME_M_PHASE	PhenoGraph_clusters	27	49	13794	0.061224489795918366	0.001352904992564727	0.0	0.0001785819262011209	0.00028771532554625035
REACTOME_M_PHASE	PhenoGraph_clusters	29	26	13817	0.46153846153846156	0.0019636168520951	0.0	0.0008361558230319091	0.0012762378351539665
BENPORATH_MYC_MAX_TARGETS	PhenoGraph_clusters	0	1732	12111	0.2315242494226328	0.004232278737292115	0.0	3.893758913834046e-05	4.9095221087472755e-05
BENPORATH_MYC_MAX_TARGETS	PhenoGraph_clusters	1	1457	12386	0.48112560054907344	0.005744232078608765	0.0	5.645273970576496e-124	3.2742589029343676e-123
BENPORATH_MYC_MAX_TARGETS	PhenoGraph_clusters	2	1037	12806	0.29026036644165865	0.00463349949487644	0.0	0.0017571350808838343	0.0021232048894012996
BENPORATH_MYC_MAX_TARGETS	PhenoGraph_clusters	3	1003	12840	0.08374875373878365	0.004198429148464331	0.0	0.6612551166375251	0.6848713708031511
BENPORATH_MYC_MAX_TARGETS	PhenoGraph_clusters	4	821	13022	0.20219244823386115	0.0046101658674515	0.0	3.042286753793579e-05	4.010287084546082e-05
BENPORATH_MYC_MAX_TARGETS	PhenoGraph_clusters	5	779	13064	0.03209242618741977	0.0038757611632026143	0.0	2.0828441121443375e-06	3.0201239626092894e-06
BENPORATH_MYC_MAX_TARGETS	PhenoGraph_clusters	6	759	13084	0.5704874835309618	0.006457990737802177	0.0	2.5879126983380377e-128	1.876236706295077e-127
BENPORATH_MYC_MAX_TARGETS	PhenoGraph_clusters	7	630	13213	0.4396825396825397	0.0058526211102049985	0.0	1.819992549440686e-49	5.864420437086655e-49
BENPORATH_MYC_MAX_TARGETS	PhenoGraph_clusters	9	572	13271	0.3811188811188811	0.005229593305863718	0.0	2.8270218142423053e-12	5.4655755075351235e-12
BENPORATH_MYC_MAX_TARGETS	PhenoGraph_clusters	8	567	13276	0.0	0.0019616356379678498	0.0	4.149824525651927e-179	6.017245562195295e-178
BENPORATH_MYC_MAX_TARGETS	PhenoGraph_clusters	10	525	13318	0.8514285714285714	0.007832230796604785	0.0	1.64759561649334e-192	4.778027287830686e-191
BENPORATH_MYC_MAX_TARGETS	PhenoGraph_clusters	11	473	13370	0.07399577167019028	0.0032668811898934683	0.0	8.994786929417298e-29	2.0065293919469358e-28
BENPORATH_MYC_MAX_TARGETS	PhenoGraph_clusters	12	426	13417	0.002347417840375587	0.001950454125755537	0.0	2.2474794331495036e-135	2.17256345204452e-134
BENPORATH_MYC_MAX_TARGETS	PhenoGraph_clusters	13	342	13501	0.0029239766081871343	0.0022650266357192423	0.0	4.3035900929576926e-78	1.7829158956539013e-77
BENPORATH_MYC_MAX_TARGETS	PhenoGraph_clusters	14	336	13507	0.002976190476190476	0.002411947814186068	0.0	9.351622294942189e-66	3.3899630819165435e-65
BENPORATH_MYC_MAX_TARGETS	PhenoGraph_clusters	15	302	13541	0.006622516556291391	0.0027853587605572877	0.0	1.4719690365144658e-36	3.557258504909959e-36
BENPORATH_MYC_MAX_TARGETS	PhenoGraph_clusters	16	298	13545	0.1644295302013423	0.004873344221790948	0.0	3.841810608755825e-07	5.863816192311523e-07
BENPORATH_MYC_MAX_TARGETS	PhenoGraph_clusters	17	296	13547	0.0	0.0018059891817948392	0.0	9.08083565270942e-107	4.38907056547622e-106
BENPORATH_MYC_MAX_TARGETS	PhenoGraph_clusters	18	262	13581	0.04580152671755725	0.003388079669999602	0.0	2.1057737718684397e-11	3.816714961511547e-11
BENPORATH_MYC_MAX_TARGETS	PhenoGraph_clusters	19	229	13614	0.0	0.002395837352153322	0.0	9.056316230561119e-45	2.387574278966113e-44
BENPORATH_MYC_MAX_TARGETS	PhenoGraph_clusters	20	214	13629	0.6355140186915887	0.006766717123409011	0.0	5.30138054771162e-46	1.5374003588363698e-45
BENPORATH_MYC_MAX_TARGETS	PhenoGraph_clusters	21	206	13637	0.32524271844660196	0.005586442188515071	0.0	9.54347792683855e-17	1.9768632848451284e-16
BENPORATH_MYC_MAX_TARGETS	PhenoGraph_clusters	22	193	13650	0.17098445595854922	0.0040706374421059085	0.0	0.13249954862110594	0.15369947640048287
BENPORATH_MYC_MAX_TARGETS	PhenoGraph_clusters	23	118	13725	0.15254237288135594	0.004263463022259933	0.0	0.8436803743825494	0.8436803743825494
BENPORATH_MYC_MAX_TARGETS	PhenoGraph_clusters	24	79	13764	0.17721518987341772	0.0045894952380498505	0.0	0.1789348109177079	0.19958113525436652
BENPORATH_MYC_MAX_TARGETS	PhenoGraph_clusters	25	58	13785	0.3103448275862069	0.004678514743621664	0.0	0.24852055205434853	0.26692948183615217
BENPORATH_MYC_MAX_TARGETS	PhenoGraph_clusters	26	54	13789	0.0	0.002502924189272929	0.0	2.8320729091601533e-10	4.831183197979084e-10
BENPORATH_MYC_MAX_TARGETS	PhenoGraph_clusters	27	49	13794	0.0	0.0029277817336059004	0.0	1.3231008095928068e-05	1.8271392132472095e-05
BENPORATH_MYC_MAX_TARGETS	PhenoGraph_clusters	29	26	13817	0.8076923076923077	0.0077991197944574184	0.0	5.184202704065042e-10	8.352326578771457e-10
KRIGE_RESPONSE_TO_TOSEDOSTAT_6HR_DN	PhenoGraph_clusters	0	1732	12111	0.3117782909930716	0.003651358946134277	0.0	2.4602477722133543e-08	3.755115020746699e-08
KRIGE_RESPONSE_TO_TOSEDOSTAT_6HR_DN	PhenoGraph_clusters	1	1457	12386	0.5339739190116678	0.005035497932082255	0.0	4.040899326126951e-170	5.85930402288408e-169
KRIGE_RESPONSE_TO_TOSEDOSTAT_6HR_DN	PhenoGraph_clusters	2	1037	12806	0.24300867888138863	0.0031970760177575217	0.0	0.3131468634263074	0.3131468634263074
KRIGE_RESPONSE_TO_TOSEDOSTAT_6HR_DN	PhenoGraph_clusters	3	1003	12840	0.05084745762711865	0.002371197155457208	0.0	6.378396074244994e-11	1.0276304786283602e-10
KRIGE_RESPONSE_TO_TOSEDOSTAT_6HR_DN	PhenoGraph_clusters	4	821	13022	0.2095006090133983	0.0032199097352164103	0.0	1.608111440971999e-06	2.2207253232470463e-06
KRIGE_RESPONSE_TO_TOSEDOSTAT_6HR_DN	PhenoGraph_clusters	5	779	13064	0.0025673940949935813	0.0019440076743644672	0.0	3.8419340606493694e-39	9.284673979902642e-39
KRIGE_RESPONSE_TO_TOSEDOSTAT_6HR_DN	PhenoGraph_clusters	6	759	13084	0.4874835309617918	0.004991409237193133	0.0	6.457712275222673e-99	3.74547311962915e-98
KRIGE_RESPONSE_TO_TOSEDOSTAT_6HR_DN	PhenoGraph_clusters	7	630	13213	0.4873015873015873	0.005003931392462267	0.0	9.9512189477144e-62	3.206503883152418e-61
KRIGE_RESPONSE_TO_TOSEDOSTAT_6HR_DN	PhenoGraph_clusters	9	572	13271	0.38986013986013984	0.004235522997219612	0.0	2.2331601786254749e-13	3.809508540008163e-13
KRIGE_RESPONSE_TO_TOSEDOSTAT_6HR_DN	PhenoGraph_clusters	8	567	13276	0.0	0.0013723745745207584	0.0	6.718169792077784e-135	6.494230799008525e-134
KRIGE_RESPONSE_TO_TOSEDOSTAT_6HR_DN	PhenoGraph_clusters	10	525	13318	0.88	0.007617046808699467	0.0	1.4226495672420722e-205	4.125683745002009e-204
KRIGE_RESPONSE_TO_TOSEDOSTAT_6HR_DN	PhenoGraph_clusters	11	473	13370	0.15010570824524314	0.0026548113836889595	0.0	3.3961793769598214e-07	4.924460096591741e-07
KRIGE_RESPONSE_TO_TOSEDOSTAT_6HR_DN	PhenoGraph_clusters	12	426	13417	0.002347417840375587	0.001377348904605817	0.0	4.766820718532074e-100	3.4559450209357537e-99
KRIGE_RESPONSE_TO_TOSEDOSTAT_6HR_DN	PhenoGraph_clusters	13	342	13501	0.0	0.0013676576201185754	0.0	1.380499867919681e-83	6.672416028278458e-83
KRIGE_RESPONSE_TO_TOSEDOSTAT_6HR_DN	PhenoGraph_clusters	14	336	13507	0.0	0.001374475088274982	0.0	2.1739159732265886e-80	9.006223317653011e-80
KRIGE_RESPONSE_TO_TOSEDOSTAT_6HR_DN	PhenoGraph_clusters	15	302	13541	0.0	0.001400072872703281	0.0	4.50427474440764e-68	1.6327995948477694e-67
KRIGE_RESPONSE_TO_TOSEDOSTAT_6HR_DN	PhenoGraph_clusters	16	298	13545	0.15771812080536912	0.0032170807083169114	0.0	2.2961146337863837e-06	3.0266965627184146e-06
KRIGE_RESPONSE_TO_TOSEDOSTAT_6HR_DN	PhenoGraph_clusters	17	296	13547	0.0	0.0014647493432468274	0.0	4.596356158041014e-56	1.332943285831894e-55
KRIGE_RESPONSE_TO_TOSEDOSTAT_6HR_DN	PhenoGraph_clusters	18	262	13581	0.015267175572519083	0.001820726306972024	0.0	1.0123959578303148e-24	2.0971059126485095e-24
KRIGE_RESPONSE_TO_TOSEDOSTAT_6HR_DN	PhenoGraph_clusters	19	229	13614	0.0	0.0013789519123555214	0.0	2.426348641573821e-53	6.396737327785528e-53
KRIGE_RESPONSE_TO_TOSEDOSTAT_6HR_DN	PhenoGraph_clusters	20	214	13629	0.5280373831775701	0.004798200344899141	0.0	1.677720742989651e-30	3.742607811284606e-30
KRIGE_RESPONSE_TO_TOSEDOSTAT_6HR_DN	PhenoGraph_clusters	21	206	13637	0.08737864077669903	0.002907521367482382	0.0	0.028717043604147497	0.030844232019269537
KRIGE_RESPONSE_TO_TOSEDOSTAT_6HR_DN	PhenoGraph_clusters	22	193	13650	0.11398963730569948	0.0025226333329381578	0.0	0.00020908529503217729	0.00026362928504057137
KRIGE_RESPONSE_TO_TOSEDOSTAT_6HR_DN	PhenoGraph_clusters	23	118	13725	0.01694915254237288	0.0022882433349381277	0.0	0.005333622525115325	0.005949040508782478
KRIGE_RESPONSE_TO_TOSEDOSTAT_6HR_DN	PhenoGraph_clusters	24	79	13764	0.0	0.00210936142507115	0.0	0.0006514766739257571	0.0007872009809936231
KRIGE_RESPONSE_TO_TOSEDOSTAT_6HR_DN	PhenoGraph_clusters	25	58	13785	0.017241379310344827	0.0024107151379699023	0.0	0.1656821341626522	0.1715993532398898
KRIGE_RESPONSE_TO_TOSEDOSTAT_6HR_DN	PhenoGraph_clusters	26	54	13789	0.0	0.001336278771155744	0.0	1.250695670535329e-15	2.4180116297016364e-15
KRIGE_RESPONSE_TO_TOSEDOSTAT_6HR_DN	PhenoGraph_clusters	27	49	13794	0.0	0.0019175552266044373	0.0	0.002026757335242766	0.0023510385088816085
KRIGE_RESPONSE_TO_TOSEDOSTAT_6HR_DN	PhenoGraph_clusters	29	26	13817	0.9615384615384616	0.009582351673772782	0.0	1.628803795281058e-14	2.952206878946918e-14
ACEVEDO_LIVER_TUMOR_VS_NORMAL_ADJACENT_TISSUE_UP	PhenoGraph_clusters	0	1732	12111	0.21478060046189376	0.004197036941177667	0.0	5.310842047015469e-09	8.106022071760453e-09
ACEVEDO_LIVER_TUMOR_VS_NORMAL_ADJACENT_TISSUE_UP	PhenoGraph_clusters	1	1457	12386	0.49897048730267674	0.006334717205534162	0.0	4.847003866592742e-134	4.68543707103965e-133
ACEVEDO_LIVER_TUMOR_VS_NORMAL_ADJACENT_TISSUE_UP	PhenoGraph_clusters	2	1037	12806	0.3394406943105111	0.005004332311321745	0.0	2.695059407426012e-07	3.907836140767718e-07
ACEVEDO_LIVER_TUMOR_VS_NORMAL_ADJACENT_TISSUE_UP	PhenoGraph_clusters	3	1003	12840	0.05782652043868395	0.00385771403229384	0.0	0.015460642759725885	0.017244563078155795
ACEVEDO_LIVER_TUMOR_VS_NORMAL_ADJACENT_TISSUE_UP	PhenoGraph_clusters	4	821	13022	0.2095006090133983	0.004681311610368242	0.0	3.968745694693683e-05	5.004070658526818e-05
ACEVEDO_LIVER_TUMOR_VS_NORMAL_ADJACENT_TISSUE_UP	PhenoGraph_clusters	5	779	13064	0.029525032092426188	0.0036080193122226454	0.0	4.174807143848119e-07	5.765209865314069e-07
ACEVEDO_LIVER_TUMOR_VS_NORMAL_ADJACENT_TISSUE_UP	PhenoGraph_clusters	6	759	13084	0.5783926218708827	0.007168693868733446	0.0	4.903156790387368e-128	3.5547886730308416e-127
ACEVEDO_LIVER_TUMOR_VS_NORMAL_ADJACENT_TISSUE_UP	PhenoGraph_clusters	7	630	13213	0.33015873015873015	0.005514413289043878	0.0	2.3045227371705886e-22	5.140858413688236e-22
ACEVEDO_LIVER_TUMOR_VS_NORMAL_ADJACENT_TISSUE_UP	PhenoGraph_clusters	9	572	13271	0.39335664335664333	0.005701137628284453	0.0	1.4089569352282809e-12	2.553734445101259e-12
ACEVEDO_LIVER_TUMOR_VS_NORMAL_ADJACENT_TISSUE_UP	PhenoGraph_clusters	8	567	13276	0.0	0.0017462383146046115	0.0	2.3356043492098455e-155	3.386626306354276e-154
ACEVEDO_LIVER_TUMOR_VS_NORMAL_ADJACENT_TISSUE_UP	PhenoGraph_clusters	10	525	13318	0.8723809523809524	0.0095252235197937	0.0	3.653226049754058e-211	1.0594355544286767e-209
ACEVEDO_LIVER_TUMOR_VS_NORMAL_ADJACENT_TISSUE_UP	PhenoGraph_clusters	11	473	13370	0.08456659619450317	0.003097139618284267	0.0	6.452424299244258e-29	1.5593358723173622e-28
ACEVEDO_LIVER_TUMOR_VS_NORMAL_ADJACENT_TISSUE_UP	PhenoGraph_clusters	12	426	13417	0.002347417840375587	0.0017797871762816754	0.0	1.8581862888280853e-112	1.0777480475202895e-111
ACEVEDO_LIVER_TUMOR_VS_NORMAL_ADJACENT_TISSUE_UP	PhenoGraph_clusters	13	342	13501	0.0	0.0017473559442897065	0.0	3.4689285044404636e-96	1.676648777146224e-95
ACEVEDO_LIVER_TUMOR_VS_NORMAL_ADJACENT_TISSUE_UP	PhenoGraph_clusters	14	336	13507	0.0	0.002091967849693621	0.0	5.083164781062543e-60	1.842647233135172e-59
ACEVEDO_LIVER_TUMOR_VS_NORMAL_ADJACENT_TISSUE_UP	PhenoGraph_clusters	15	302	13541	0.0033112582781456954	0.002474758374952782	0.0	2.543638956742694e-35	6.705957249594375e-35
ACEVEDO_LIVER_TUMOR_VS_NORMAL_ADJACENT_TISSUE_UP	PhenoGraph_clusters	16	298	13545	0.15771812080536912	0.004902483793367617	0.0	6.023358176538536e-07	7.939881232709888e-07
ACEVEDO_LIVER_TUMOR_VS_NORMAL_ADJACENT_TISSUE_UP	PhenoGraph_clusters	17	296	13547	0.0	0.0018254645392137342	0.0	3.844921672629993e-70	1.59289612151814e-69
ACEVEDO_LIVER_TUMOR_VS_NORMAL_ADJACENT_TISSUE_UP	PhenoGraph_clusters	18	262	13581	0.030534351145038167	0.0029127154112221355	0.0	1.027566845211107e-17	2.1285313222230077e-17
ACEVEDO_LIVER_TUMOR_VS_NORMAL_ADJACENT_TISSUE_UP	PhenoGraph_clusters	19	229	13614	0.0	0.0020490437551729597	0.0	2.4144452480062228e-42	7.001891219218046e-42
ACEVEDO_LIVER_TUMOR_VS_NORMAL_ADJACENT_TISSUE_UP	PhenoGraph_clusters	20	214	13629	0.6869158878504673	0.0077715180114547935	0.0	2.045312007272762e-49	6.590449801212233e-49
ACEVEDO_LIVER_TUMOR_VS_NORMAL_ADJACENT_TISSUE_UP	PhenoGraph_clusters	21	206	13637	0.3058252427184466	0.005710931822035697	0.0	3.740163874496749e-14	7.230983490693715e-14
ACEVEDO_LIVER_TUMOR_VS_NORMAL_ADJACENT_TISSUE_UP	PhenoGraph_clusters	22	193	13650	0.15544041450777202	0.0038214430447164756	0.0	0.0013558256547627652	0.0016382893328383411
ACEVEDO_LIVER_TUMOR_VS_NORMAL_ADJACENT_TISSUE_UP	PhenoGraph_clusters	23	118	13725	0.211864406779661	0.004272125327955684	0.0	0.9435356941275324	0.9435356941275324
ACEVEDO_LIVER_TUMOR_VS_NORMAL_ADJACENT_TISSUE_UP	PhenoGraph_clusters	24	79	13764	0.26582278481012656	0.005070356569539896	0.0	0.005807987987454686	0.006737266065447435
ACEVEDO_LIVER_TUMOR_VS_NORMAL_ADJACENT_TISSUE_UP	PhenoGraph_clusters	25	58	13785	0.3275862068965517	0.005035523734564845	0.0	0.08848263630793056	0.09503690566407358
ACEVEDO_LIVER_TUMOR_VS_NORMAL_ADJACENT_TISSUE_UP	PhenoGraph_clusters	26	54	13789	0.0	0.0021181389505271686	0.0	4.0832725771690157e-11	6.578605818772303e-11
ACEVEDO_LIVER_TUMOR_VS_NORMAL_ADJACENT_TISSUE_UP	PhenoGraph_clusters	27	49	13794	0.02040816326530612	0.00340286076087023	0.0	0.12113521967531372	0.12546147752086065
ACEVEDO_LIVER_TUMOR_VS_NORMAL_ADJACENT_TISSUE_UP	PhenoGraph_clusters	29	26	13817	0.9230769230769231	0.009640442374327275	0.0	7.277632634933792e-12	1.2414785083122351e-11
REACTOME_MITOCHONDRIAL_TRANSLATION	PhenoGraph_clusters	0	1732	12111	0.1859122401847575	0.004451402090703596	0.0	6.761166726158952e-14	1.22546146911631e-13
REACTOME_MITOCHONDRIAL_TRANSLATION	PhenoGraph_clusters	1	1457	12386	0.5209334248455731	0.006942084130568483	0.0	4.518883196896902e-146	3.276190317750254e-145
REACTOME_MITOCHONDRIAL_TRANSLATION	PhenoGraph_clusters	2	1037	12806	0.21407907425265188	0.0048414808973325785	0.0	0.9622747903473501	0.9622747903473501
REACTOME_MITOCHONDRIAL_TRANSLATION	PhenoGraph_clusters	3	1003	12840	0.07377866400797607	0.0046916434619405116	0.0	0.1292621068351898	0.14417696531617324
REACTOME_MITOCHONDRIAL_TRANSLATION	PhenoGraph_clusters	4	821	13022	0.46163215590742995	0.006489913956205444	0.0	1.1320823754231475e-48	2.9845808079337526e-48
REACTOME_MITOCHONDRIAL_TRANSLATION	PhenoGraph_clusters	5	779	13064	0.037227214377406934	0.004241033749666521	0.0	0.0003203782200258336	0.0004223167445795079
REACTOME_MITOCHONDRIAL_TRANSLATION	PhenoGraph_clusters	6	759	13084	0.4927536231884058	0.007182179319259555	0.0	2.1814428847824295e-97	1.0543640609781743e-96
REACTOME_MITOCHONDRIAL_TRANSLATION	PhenoGraph_clusters	7	630	13213	0.37936507936507935	0.006345267654956094	0.0	1.093366232839114e-34	2.439047750179562e-34
REACTOME_MITOCHONDRIAL_TRANSLATION	PhenoGraph_clusters	9	572	13271	0.3513986013986014	0.0058016148913807245	0.0	1.7184656746395602e-09	2.491775228227362e-09
REACTOME_MITOCHONDRIAL_TRANSLATION	PhenoGraph_clusters	8	567	13276	0.0	0.002176833052197703	0.0	2.654777276812984e-152	3.849427051378827e-151
REACTOME_MITOCHONDRIAL_TRANSLATION	PhenoGraph_clusters	10	525	13318	0.8038095238095239	0.008880580426419094	0.0	1.7129468555650644e-166	4.967545881138687e-165
REACTOME_MITOCHONDRIAL_TRANSLATION	PhenoGraph_clusters	11	473	13370	0.11416490486257928	0.003625323016947722	0.0	5.559768686893372e-28	1.1516663708564844e-27
REACTOME_MITOCHONDRIAL_TRANSLATION	PhenoGraph_clusters	12	426	13417	0.0	0.0019232265198805506	0.0	3.2865664705039307e-150	3.177014254820466e-149
REACTOME_MITOCHONDRIAL_TRANSLATION	PhenoGraph_clusters	13	342	13501	0.0029239766081871343	0.002378422770128151	0.0	5.765663937007322e-73	2.3886322024744626e-72
REACTOME_MITOCHONDRIAL_TRANSLATION	PhenoGraph_clusters	14	336	13507	0.0	0.0024736292369791184	0.0	2.070111902516849e-64	6.670360574776514e-64
REACTOME_MITOCHONDRIAL_TRANSLATION	PhenoGraph_clusters	15	302	13541	0.0	0.002502347156281611	0.0	1.2399346186853971e-58	3.595810394187652e-58
REACTOME_MITOCHONDRIAL_TRANSLATION	PhenoGraph_clusters	16	298	13545	0.30201342281879195	0.0061712289452890215	0.0	3.2237186224833122e-18	6.232522670134404e-18
REACTOME_MITOCHONDRIAL_TRANSLATION	PhenoGraph_clusters	17	296	13547	0.0	0.001887269106966247	0.0	2.5196594512338566e-108	1.4614024817156367e-107
REACTOME_MITOCHONDRIAL_TRANSLATION	PhenoGraph_clusters	18	262	13581	0.03435114503816794	0.0034527999378289893	0.0	1.835844686853868e-13	3.1317350540448335e-13
REACTOME_MITOCHONDRIAL_TRANSLATION	PhenoGraph_clusters	19	229	13614	0.004366812227074236	0.0024407535683559703	0.0	6.087185004410388e-45	1.471069709399177e-44
REACTOME_MITOCHONDRIAL_TRANSLATION	PhenoGraph_clusters	20	214	13629	0.7616822429906542	0.009167480687202273	0.0	1.5495192137525472e-64	5.6170071498529835e-64
REACTOME_MITOCHONDRIAL_TRANSLATION	PhenoGraph_clusters	21	206	13637	0.20388349514563106	0.005580709666790819	0.0	1.2634625348526014e-06	1.7447815957488305e-06
REACTOME_MITOCHONDRIAL_TRANSLATION	PhenoGraph_clusters	22	193	13650	0.22797927461139897	0.005006406255702886	0.0	0.4370863213358901	0.4526965470978862
REACTOME_MITOCHONDRIAL_TRANSLATION	PhenoGraph_clusters	23	118	13725	0.059322033898305086	0.003869111868457025	0.0	0.001089990899834207	0.0013743363519648699
REACTOME_MITOCHONDRIAL_TRANSLATION	PhenoGraph_clusters	24	79	13764	0.0379746835443038	0.003977777056113642	0.0	0.037394384372746725	0.0433774858723862
REACTOME_MITOCHONDRIAL_TRANSLATION	PhenoGraph_clusters	25	58	13785	0.034482758620689655	0.004276645783260395	0.0	0.36082924115060466	0.38755733308768653
REACTOME_MITOCHONDRIAL_TRANSLATION	PhenoGraph_clusters	26	54	13789	0.0	0.0024503798296835588	0.0	2.1822017991249748e-11	3.33072906182233e-11
REACTOME_MITOCHONDRIAL_TRANSLATION	PhenoGraph_clusters	27	49	13794	0.0	0.0035961808579282497	0.0	0.017249631513263815	0.020843304745193775
REACTOME_MITOCHONDRIAL_TRANSLATION	PhenoGraph_clusters	29	26	13817	0.9230769230769231	0.010016409746998725	0.0	2.0819666797351748e-12	3.3542796506844483e-12
PULVER_FOREY_PERTURB_ACCUMULATION_LG1	PhenoGraph_clusters	0	1732	12111	0.28868360277136257	0.005224364709429875	0.0	0.35739722437111265	0.383871092843047
PULVER_FOREY_PERTURB_ACCUMULATION_LG1	PhenoGraph_clusters	1	1457	12386	0.4118050789293068	0.006692957141661017	0.0	4.1927315394550016e-98	2.431784292883901e-97
PULVER_FOREY_PERTURB_ACCUMULATION_LG1	PhenoGraph_clusters	2	1037	12806	0.3018322082931533	0.00528269596722687	0.0	0.1661345070458098	0.19271602817313935
PULVER_FOREY_PERTURB_ACCUMULATION_LG1	PhenoGraph_clusters	3	1003	12840	0.07577268195413758	0.004388091061597072	0.0	0.05230979919586602	0.0632076740283381
PULVER_FOREY_PERTURB_ACCUMULATION_LG1	PhenoGraph_clusters	4	821	13022	0.21559074299634592	0.005334474898743204	0.0	3.620754712752469e-07	5.526415087885348e-07
PULVER_FOREY_PERTURB_ACCUMULATION_LG1	PhenoGraph_clusters	5	779	13064	0.03209242618741977	0.004131245849145529	0.0	1.9309469089338358e-05	2.799873017954062e-05
PULVER_FOREY_PERTURB_ACCUMULATION_LG1	PhenoGraph_clusters	6	759	13084	0.5573122529644269	0.008114826120411568	0.0	2.5059715734409234e-125	1.8168293907446694e-124
PULVER_FOREY_PERTURB_ACCUMULATION_LG1	PhenoGraph_clusters	7	630	13213	0.49682539682539684	0.0074403746402701195	0.0	5.875003411192976e-64	1.8930566547177367e-63
PULVER_FOREY_PERTURB_ACCUMULATION_LG1	PhenoGraph_clusters	9	572	13271	0.40734265734265734	0.00653044728643405	0.0	3.611182150896154e-15	6.981618825065898e-15
PULVER_FOREY_PERTURB_ACCUMULATION_LG1	PhenoGraph_clusters	8	567	13276	0.0	0.0017847496236976675	0.0	1.3719324693652651e-164	1.9893020805796346e-163
PULVER_FOREY_PERTURB_ACCUMULATION_LG1	PhenoGraph_clusters	10	525	13318	0.8514285714285714	0.009978640017290931	0.0	1.3356625206884807e-177	3.873421309996594e-176
PULVER_FOREY_PERTURB_ACCUMULATION_LG1	PhenoGraph_clusters	11	473	13370	0.0613107822410148	0.0031861353056118753	0.0	6.31049995307282e-33	1.4077269126085523e-32
PULVER_FOREY_PERTURB_ACCUMULATION_LG1	PhenoGraph_clusters	12	426	13417	0.002347417840375587	0.0016829841686333224	0.0	2.735988576745363e-134	2.644788957520517e-133
PULVER_FOREY_PERTURB_ACCUMULATION_LG1	PhenoGraph_clusters	13	342	13501	0.0029239766081871343	0.0019962130783318763	0.0	1.0865844571514157e-76	4.501564179627294e-76
PULVER_FOREY_PERTURB_ACCUMULATION_LG1	PhenoGraph_clusters	14	336	13507	0.0	0.002140027869480974	0.0	1.8892365580060268e-64	6.848482522771848e-64
PULVER_FOREY_PERTURB_ACCUMULATION_LG1	PhenoGraph_clusters	15	302	13541	0.0	0.0026258717068486067	0.0	1.2825267076235345e-35	3.099439543423541e-35
PULVER_FOREY_PERTURB_ACCUMULATION_LG1	PhenoGraph_clusters	16	298	13545	0.12751677852348994	0.005206773934556669	0.0	0.0005551895649291226	0.0007666903515687883
PULVER_FOREY_PERTURB_ACCUMULATION_LG1	PhenoGraph_clusters	17	296	13547	0.0	0.0016599108419363617	0.0	4.1676396632386484e-94	2.0143591705653468e-93
PULVER_FOREY_PERTURB_ACCUMULATION_LG1	PhenoGraph_clusters	18	262	13581	0.03435114503816794	0.00307815543392553	0.0	1.3507760637882567e-18	2.7980361321328175e-18
PULVER_FOREY_PERTURB_ACCUMULATION_LG1	PhenoGraph_clusters	19	229	13614	0.0	0.0019561294465886437	0.0	6.320881606310033e-52	1.8330556658299094e-51
PULVER_FOREY_PERTURB_ACCUMULATION_LG1	PhenoGraph_clusters	20	214	13629	0.5981308411214953	0.008460067715875168	0.0	3.1505159711434284e-42	8.305905742105402e-42
PULVER_FOREY_PERTURB_ACCUMULATION_LG1	PhenoGraph_clusters	21	206	13637	0.2524271844660194	0.00614577447565701	0.0	1.1860498051226906e-10	2.0232614322681193e-10
PULVER_FOREY_PERTURB_ACCUMULATION_LG1	PhenoGraph_clusters	22	193	13650	0.15025906735751296	0.004247089331380582	0.0	0.011540504396052097	0.014551070760239601
PULVER_FOREY_PERTURB_ACCUMULATION_LG1	PhenoGraph_clusters	23	118	13725	0.1440677966101695	0.004654614811808029	0.0	0.7236550213790618	0.7494998435711712
PULVER_FOREY_PERTURB_ACCUMULATION_LG1	PhenoGraph_clusters	24	79	13764	0.16455696202531644	0.0050194077753993	0.0	0.25039268830782613	0.2792841523433445
PULVER_FOREY_PERTURB_ACCUMULATION_LG1	PhenoGraph_clusters	25	58	13785	0.2413793103448276	0.00502468826988278	0.0	0.7645731988700191	0.7645731988700191
PULVER_FOREY_PERTURB_ACCUMULATION_LG1	PhenoGraph_clusters	26	54	13789	0.0	0.00230404760585132	0.0	1.275338297749816e-09	2.054711701930259e-09
PULVER_FOREY_PERTURB_ACCUMULATION_LG1	PhenoGraph_clusters	27	49	13794	0.0	0.003281573430110918	0.0	0.004727974005587405	0.006232329371001579
PULVER_FOREY_PERTURB_ACCUMULATION_LG1	PhenoGraph_clusters	29	26	13817	0.8846153846153846	0.011307568175660714	0.0	1.6361524913297223e-12	2.9655263905351217e-12
